{
    "name": "root",
    "gauges": {
        "SeePlayer.Policy.Entropy.mean": {
            "value": 0.8202977180480957,
            "min": 0.8202977180480957,
            "max": 0.9155060052871704,
            "count": 7
        },
        "SeePlayer.Policy.Entropy.sum": {
            "value": 40713.015625,
            "min": 40713.015625,
            "max": 45702.05859375,
            "count": 7
        },
        "SeePlayer.Step.mean": {
            "value": 349972.0,
            "min": 49984.0,
            "max": 349972.0,
            "count": 7
        },
        "SeePlayer.Step.sum": {
            "value": 349972.0,
            "min": 49984.0,
            "max": 349972.0,
            "count": 7
        },
        "SeePlayer.Policy.ExtrinsicValueEstimate.mean": {
            "value": 2365.215087890625,
            "min": 120.91727447509766,
            "max": 2365.215087890625,
            "count": 7
        },
        "SeePlayer.Policy.ExtrinsicValueEstimate.sum": {
            "value": 2369945.5,
            "min": 94436.390625,
            "max": 2369945.5,
            "count": 7
        },
        "SeePlayer.Losses.PolicyLoss.mean": {
            "value": 0.0340619301807601,
            "min": 0.033712844872847196,
            "max": 0.03580572933424264,
            "count": 7
        },
        "SeePlayer.Losses.PolicyLoss.sum": {
            "value": 0.1362477207230404,
            "min": 0.13537875882438605,
            "max": 0.17721127875681433,
            "count": 7
        },
        "SeePlayer.Losses.ValueLoss.mean": {
            "value": 1391.1875788116454,
            "min": 1391.1875788116454,
            "max": 24070.81838030134,
            "count": 7
        },
        "SeePlayer.Losses.ValueLoss.sum": {
            "value": 5564.7503152465815,
            "min": 5564.7503152465815,
            "max": 96283.27352120537,
            "count": 7
        },
        "SeePlayer.Policy.LearningRate.mean": {
            "value": 0.00010542006486000001,
            "min": 0.00010542006486000001,
            "max": 0.000283872005376,
            "count": 7
        },
        "SeePlayer.Policy.LearningRate.sum": {
            "value": 0.00042168025944000004,
            "min": 0.00042168025944000004,
            "max": 0.001274208075264,
            "count": 7
        },
        "SeePlayer.Policy.Epsilon.mean": {
            "value": 0.13514,
            "min": 0.13514,
            "max": 0.19462400000000002,
            "count": 7
        },
        "SeePlayer.Policy.Epsilon.sum": {
            "value": 0.54056,
            "min": 0.54056,
            "max": 0.9247360000000001,
            "count": 7
        },
        "SeePlayer.Policy.Beta.mean": {
            "value": 0.00035788599999999997,
            "min": 0.00035788599999999997,
            "max": 0.0009467776,
            "count": 7
        },
        "SeePlayer.Policy.Beta.sum": {
            "value": 0.0014315439999999999,
            "min": 0.0014315439999999999,
            "max": 0.0042548864,
            "count": 7
        },
        "SeePlayer.IsTraining.mean": {
            "value": 1.0,
            "min": 1.0,
            "max": 1.0,
            "count": 7
        },
        "SeePlayer.IsTraining.sum": {
            "value": 1.0,
            "min": 1.0,
            "max": 1.0,
            "count": 7
        },
        "SeePlayer.Environment.EpisodeLength.mean": {
            "value": 199.0,
            "min": 198.93333333333334,
            "max": 199.0,
            "count": 3
        },
        "SeePlayer.Environment.EpisodeLength.sum": {
            "value": 50148.0,
            "min": 35808.0,
            "max": 50148.0,
            "count": 3
        },
        "SeePlayer.Environment.CumulativeReward.mean": {
            "value": 4833.0993833996,
            "min": 4773.257717722938,
            "max": 28293.568135572143,
            "count": 3
        },
        "SeePlayer.Environment.CumulativeReward.sum": {
            "value": 1217941.0446166992,
            "min": 1202860.9448661804,
            "max": 5092842.264402986,
            "count": 3
        },
        "SeePlayer.Policy.ExtrinsicReward.mean": {
            "value": 4833.0993833996,
            "min": 4773.257717722938,
            "max": 28293.568135572143,
            "count": 3
        },
        "SeePlayer.Policy.ExtrinsicReward.sum": {
            "value": 1217941.0446166992,
            "min": 1202860.9448661804,
            "max": 5092842.264402986,
            "count": 3
        }
    },
    "metadata": {
        "timer_format_version": "0.1.0",
        "start_time_seconds": "1742272867",
        "python_version": "3.10.12 | packaged by Anaconda, Inc. | (main, Jul  5 2023, 19:01:18) [MSC v.1916 64 bit (AMD64)]",
        "command_line_arguments": "C:\\Users\\trist\\anaconda3\\envs\\mlagents\\Scripts\\mlagents-learn .\\config\\trainer_config.yaml --run-id SeePlayerTest",
        "mlagents_version": "1.1.0",
        "mlagents_envs_version": "1.1.0",
        "communication_protocol_version": "1.5.0",
        "pytorch_version": "2.6.0+cu126",
        "numpy_version": "1.23.5",
        "end_time_seconds": "1742273360"
    },
    "total": 493.24756210000487,
    "count": 1,
    "self": 0.012047299998812377,
    "children": {
        "run_training.setup": {
            "total": 0.12640680000185966,
            "count": 1,
            "self": 0.12640680000185966
        },
        "TrainerController.start_learning": {
            "total": 493.1091080000042,
            "count": 1,
            "self": 0.5356362991442438,
            "children": {
                "TrainerController._reset_env": {
                    "total": 10.103288099984638,
                    "count": 1,
                    "self": 10.103288099984638
                },
                "TrainerController.advance": {
                    "total": 482.141365700867,
                    "count": 29201,
                    "self": 0.5187206019763835,
                    "children": {
                        "env_step": {
                            "total": 340.10492080118274,
                            "count": 29201,
                            "self": 251.15932760512806,
                            "children": {
                                "SubprocessEnvManager._take_step": {
                                    "total": 88.6097295988584,
                                    "count": 29202,
                                    "self": 1.5333430000464432,
                                    "children": {
                                        "TorchPolicy.evaluate": {
                                            "total": 87.07638659881195,
                                            "count": 29202,
                                            "self": 87.07638659881195
                                        }
                                    }
                                },
                                "workers": {
                                    "total": 0.335863597196294,
                                    "count": 29200,
                                    "self": 0.0,
                                    "children": {
                                        "worker_root": {
                                            "total": 459.03448839776684,
                                            "count": 29200,
                                            "is_parallel": true,
                                            "self": 267.67461069699493,
                                            "children": {
                                                "steps_from_proto": {
                                                    "total": 0.0055917999998200685,
                                                    "count": 2,
                                                    "is_parallel": true,
                                                    "self": 0.0009159999899566174,