{
    "name": "root",
    "gauges": {
        "ExploreAgent.Policy.Entropy.mean": {
            "value": 1.824510931968689,
            "min": 1.8069617748260498,
            "max": 1.841856598854065,
            "count": 5
        },
        "ExploreAgent.Policy.Entropy.sum": {
            "value": 91561.2578125,
            "min": 90462.5625,
            "max": 92431.734375,
            "count": 5
        },
        "ExploreAgent.Step.mean": {
            "value": 249985.0,
            "min": 49992.0,
            "max": 249985.0,
            "count": 5
        },
        "ExploreAgent.Step.sum": {
            "value": 249985.0,
            "min": 49992.0,
            "max": 249985.0,
            "count": 5
        },
        "ExploreAgent.Policy.ExtrinsicValueEstimate.mean": {
            "value": 4.975911617279053,
            "min": 4.933502197265625,
            "max": 4.975911617279053,
            "count": 5
        },
        "ExploreAgent.Policy.ExtrinsicValueEstimate.sum": {
            "value": 3975.75341796875,
            "min": 3936.9345703125,
            "max": 3975.75341796875,
            "count": 5
        },
        "ExploreAgent.Environment.EpisodeLength.mean": {
            "value": 986.5,
            "min": 986.5,
            "max": 999.0,
            "count": 5
        },
        "ExploreAgent.Environment.EpisodeLength.sum": {
            "value": 45379.0,
            "min": 44955.0,
            "max": 53946.0,
            "count": 5
        },
        "ExploreAgent.Environment.CumulativeReward.mean": {
            "value": 49.36521443595057,
            "min": 49.36521443595057,
            "max": 49.99999701976776,
            "count": 5
        },
        "ExploreAgent.Environment.CumulativeReward.sum": {
            "value": 2270.799864053726,
            "min": 2249.9998658895493,
            "max": 2699.999839067459,
            "count": 5
        },
        "ExploreAgent.Policy.ExtrinsicReward.mean": {
            "value": 49.36521443595057,
            "min": 49.36521443595057,
            "max": 49.99999701976776,
            "count": 5
        },
        "ExploreAgent.Policy.ExtrinsicReward.sum": {
            "value": 2270.799864053726,
            "min": 2249.9998658895493,
            "max": 2699.999839067459,
            "count": 5
        },
        "ExploreAgent.Losses.PolicyLoss.mean": {
            "value": 0.03264269441780116,
            "min": 0.031688061870712166,
            "max": 0.03605217194223466,
            "count": 5
        },
        "ExploreAgent.Losses.PolicyLoss.sum": {
            "value": 0.09792808325340349,
            "min": 0.06337612374142433,
            "max": 0.10080931296688503,
            "count": 5
        },
        "ExploreAgent.Losses.ValueLoss.mean": {
            "value": 0.007942438109603244,
            "min": 0.0012184814950160217,
            "max": 0.007942438109603244,
            "count": 5
        },
        "ExploreAgent.Losses.ValueLoss.sum": {
            "value": 0.02382731432880973,
            "min": 0.0024369629900320433,
            "max": 0.02382731432880973,
            "count": 5
        },
        "ExploreAgent.Policy.LearningRate.mean": {
            "value": 0.00023130252289916672,
            "min": 0.00023130252289916672,
            "max": 0.000290604003132,
            "count": 5
        },
        "ExploreAgent.Policy.LearningRate.sum": {
            "value": 0.0006939075686975001,
            "min": 0.0004938048353983998,
            "max": 0.0007875336374887998,
            "count": 5
        },
        "ExploreAgent.Policy.Epsilon.mean": {
            "value": 0.1771008333333333,
            "min": 0.1771008333333333,
            "max": 0.19686800000000004,
            "count": 5
        },
        "ExploreAgent.Policy.Epsilon.sum": {
            "value": 0.5313024999999999,
            "min": 0.36460159999999997,
            "max": 0.5625112,
            "count": 5
        },
        "ExploreAgent.Policy.Beta.mean": {
            "value": 0.003857331583333333,
            "min": 0.003857331583333333,
            "max": 0.0048437132,
            "count": 5
        },
        "ExploreAgent.Policy.Beta.sum": {
            "value": 0.011571994749999998,
            "min": 0.008233619840000001,
            "max": 0.01312930888,
            "count": 5
        },
        "ExploreAgent.IsTraining.mean": {
            "value": 1.0,
            "min": 1.0,
            "max": 1.0,
            "count": 5
        },
        "ExploreAgent.IsTraining.sum": {
            "value": 1.0,
            "min": 1.0,
            "max": 1.0,
            "count": 5
        }
    },
    "metadata": {
        "timer_format_version": "0.1.0",
        "start_time_seconds": "1742536959",
        "python_version": "3.10.12 | packaged by Anaconda, Inc. | (main, Jul  5 2023, 19:01:18) [MSC v.1916 64 bit (AMD64)]",
        "command_line_arguments": "C:\\Users\\trist\\anaconda3\\envs\\mlagents\\Scripts\\mlagents-learn .\\config\\trainingConfig.yaml --run-id ExploreAgents_03 --initialize-from ExploreAgents_02",
        "mlagents_version": "1.1.0",
        "mlagents_envs_version": "1.1.0",
        "communication_protocol_version": "1.5.0",
        "pytorch_version": "2.6.0+cu126",
        "numpy_version": "1.23.5",
        "end_time_seconds": "1742537440"
    },
    "total": 480.9734617000213,
    "count": 1,
    "self": 0.0089608000125736,
    "children": {
        "run_training.setup": {
            "total": 0.12224649998825043,
            "count": 1,
            "self": 0.12224649998825043
        },
        "TrainerController.start_learning": {
            "total": 480.84225440002047,
            "count": 1,
            "self": 0.5981396027491428,
            "children": {
                "TrainerController._reset_env": {
                    "total": 8.908755699987523,
                    "count": 1,
                    "self": 8.908755699987523
                },
                "TrainerController.advance": {
                    "total": 471.14925709727686,
                    "count": 29816,
                    "self": 0.5757902993937023,
                    "children": {
                        "env_step": {
                            "total": 383.13229269895237,
                            "count": 29816,
                            "self": 239.80638940550853,
                            "children": {
                                "SubprocessEnvManager._take_step": {
                                    "total": 142.9696513984818,
                                    "count": 29816,
                                    "self": 1.6273491958272643,
                                    "children": {
                                        "TorchPolicy.evaluate": {
                                            "total": 141.34230220265454,
                                            "count": 29801,
                                            "self": 141.34230220265454
                                        }
                                    }
                                },
                                "workers": {
                                    "total": 0.35625189496204257,
                                    "count": 29815,
                                    "self": 0.0,
                                    "children": {
                                        "worker_root": {
                                            "total": 468.87614679778926,
                                            "count": 29815,
                                            "is_parallel": true,
                                            "self": 265.0833114978741,
                                            "children": {
                                                "steps_from_proto": {
                                                    "total": 0.0005117999971844256,
                                                    "count": 1,