{
    "name": "root",
    "gauges": {
        "MoveToPlayer.Policy.Entropy.mean": {
            "value": 0.27334368228912354,
            "min": 0.0817752480506897,
            "max": 0.3066369593143463,
            "count": 10
        },
        "MoveToPlayer.Policy.Entropy.sum": {
            "value": 13678.1171875,
            "min": 4093.995849609375,
            "max": 15344.11328125,
            "count": 10
        },
        "MoveToPlayer.Environment.EpisodeLength.mean": {
            "value": 47.566346153846155,
            "min": 46.852409638554214,
            "max": 431.8151260504202,
            "count": 10
        },
        "MoveToPlayer.Environment.EpisodeLength.sum": {
            "value": 49469.0,
            "min": 45543.0,
            "max": 51928.0,
            "count": 10
        },
        "MoveToPlayer.Step.mean": {
            "value": 499965.0,
            "min": 49982.0,
            "max": 499965.0,
            "count": 10
        },
        "MoveToPlayer.Step.sum": {
            "value": 499965.0,
            "min": 49982.0,
            "max": 499965.0,
            "count": 10
        },
        "MoveToPlayer.Policy.ExtrinsicValueEstimate.mean": {
            "value": -0.5501114130020142,
            "min": -6.467562198638916,
            "max": 0.9237584471702576,
            "count": 10
        },
        "MoveToPlayer.Policy.ExtrinsicValueEstimate.sum": {
            "value": -818.5657958984375,
            "min": -6176.52197265625,
            "max": 1262.77783203125,
            "count": 10
        },
        "MoveToPlayer.Environment.CumulativeReward.mean": {
            "value": -0.6071402700474628,
            "min": -47.732341953185426,
            "max": -0.4754213244747755,
            "count": 10
        },
        "MoveToPlayer.Environment.CumulativeReward.sum": {
            "value": -631.4258808493614,
            "min": -5680.148692429066,
            "max": -345.6313028931618,
            "count": 10
        },
        "MoveToPlayer.Policy.ExtrinsicReward.mean": {
            "value": -0.6071402700474628,
            "min": -47.732341953185426,
            "max": -0.4754213244747755,
            "count": 10
        },
        "MoveToPlayer.Policy.ExtrinsicReward.sum": {
            "value": -631.4258808493614,
            "min": -5680.148692429066,
            "max": -345.6313028931618,
            "count": 10
        },
        "MoveToPlayer.Losses.PolicyLoss.mean": {
            "value": 0.03351235325541348,
            "min": 0.032881136659067126,
            "max": 0.035741262986324726,
            "count": 10
        },
        "MoveToPlayer.Losses.PolicyLoss.sum": {
            "value": 0.16756176627706737,
            "min": 0.1399143959255889,
            "max": 0.17870631493162364,
            "count": 10
        },
        "MoveToPlayer.Losses.ValueLoss.mean": {
            "value": 1.339055854678154,
            "min": 0.5036877893805504,
            "max": 3.826306164264679,
            "count": 10
        },
        "MoveToPlayer.Losses.ValueLoss.sum": {
            "value": 6.69527927339077,
            "min": 2.518438946902752,
            "max": 19.131530821323395,
            "count": 10
        },
        "MoveToPlayer.Policy.LearningRate.mean": {
            "value": 1.6470814509760003e-05,
            "min": 1.6470814509760003e-05,
            "max": 0.0002845989051337001,
            "count": 10
        },
        "MoveToPlayer.Policy.LearningRate.sum": {
            "value": 8.235407254880002e-05,
            "min": 8.235407254880002e-05,
            "max": 0.0012842226719257997,
            "count": 10
        },
        "MoveToPlayer.Policy.Epsilon.mean": {
            "value": 0.10549024000000003,
            "min": 0.10549024000000003,
            "max": 0.19486630000000002,
            "count": 10
        },
        "MoveToPlayer.Policy.Epsilon.sum": {
            "value": 0.5274512000000001,
            "min": 0.49997359999999996,
            "max": 0.9280742,
            "count": 10
        },
        "MoveToPlayer.Policy.Beta.mean": {
            "value": 6.4353376e-05,
            "min": 6.4353376e-05,
            "max": 0.00094917637,
            "count": 10
        },
        "MoveToPlayer.Policy.Beta.sum": {
            "value": 0.00032176688000000003,
            "min": 0.00032176688000000003,
            "max": 0.00428793458,
            "count": 10
        },
        "MoveToPlayer.IsTraining.mean": {
            "value": 1.0,
            "min": 1.0,
            "max": 1.0,
            "count": 10
        },
        "MoveToPlayer.IsTraining.sum": {
            "value": 1.0,
            "min": 1.0,
            "max": 1.0,
            "count": 10
        }
    },
    "metadata": {
        "timer_format_version": "0.1.0",
        "start_time_seconds": "1742207142",
        "python_version": "3.10.12 | packaged by Anaconda, Inc. | (main, Jul  5 2023, 19:01:18) [MSC v.1916 64 bit (AMD64)]",
        "command_line_arguments": "C:\\Users\\trist\\anaconda3\\envs\\mlagents\\Scripts\\mlagents-learn .\\config\\trainer_config.yaml --run-id Test15 --initialize-from Test14",
        "mlagents_version": "1.1.0",
        "mlagents_envs_version": "1.1.0",
        "communication_protocol_version": "1.5.0",
        "pytorch_version": "2.6.0+cu126",
        "numpy_version": "1.23.5",
        "end_time_seconds": "1742207926"
    },
    "total": 784.4401193000085,
    "count": 1,
    "self": 0.009500199987087399,
    "children": {
        "run_training.setup": {
            "total": 0.1294503000099212,
            "count": 1,
            "self": 0.1294503000099212
        },
        "TrainerController.start_learning": {
            "total": 784.3011688000115,
            "count": 1,
            "self": 0.934926196699962,
            "children": {
                "TrainerController._reset_env": {
                    "total": 6.6873560000094585,
                    "count": 1,
                    "self": 6.6873560000094585
                },
                "TrainerController.advance": {
                    "total": 776.5252722032892,
                    "count": 46795,
                    "self": 0.8844780088111293,
                    "children": {
                        "env_step": {
                            "total": 544.389853795612,
                            "count": 46795,
                            "self": 370.54168169992045,
                            "children": {
                                "SubprocessEnvManager._take_step": {
                                    "total": 173.28345669893315,
                                    "count": 46795,
                                    "self": 2.385115697659785,
                                    "children": {
                                        "TorchPolicy.evaluate": {
                                            "total": 170.89834100127337,
                                            "count": 41694,
                                            "self": 170.89834100127337
                                        }
                                    }
                                },
                                "workers": {
                                    "total": 0.5647153967584018,
                                    "count": 46795,
                                    "self": 0.0,
                                    "children": {
                                        "worker_root": {
                                            "total": 777.8487775997492,
                                            "count": 46795,
                                            "is_parallel": true,
                                            "self": 459.66754889587173,
                                            "children": {
                                                "steps_from_proto": {
                                                    "total": 0.0006028000207152218,