{
    "name": "root",
    "gauges": {
        "MoveToPlayer.Policy.Entropy.mean": {
            "value": 1.631916880607605,
            "min": 1.631916880607605,
            "max": 1.7711455821990967,
            "count": 6
        },
        "MoveToPlayer.Policy.Entropy.sum": {
            "value": 82248.609375,
            "min": 82084.4765625,
            "max": 89265.734375,
            "count": 6
        },
        "MoveToPlayer.Step.mean": {
            "value": 299936.0,
            "min": 49984.0,
            "max": 299936.0,
            "count": 6
        },
        "MoveToPlayer.Step.sum": {
            "value": 299936.0,
            "min": 49984.0,
            "max": 299936.0,
            "count": 6
        },
        "MoveToPlayer.Policy.ExtrinsicValueEstimate.mean": {
            "value": 1962.6885986328125,
            "min": 143.52349853515625,
            "max": 1962.6885986328125,
            "count": 6
        },
        "MoveToPlayer.Policy.ExtrinsicValueEstimate.sum": {
            "value": 1634919.625,
            "min": 118550.40625,
            "max": 1634919.625,
            "count": 6
        },
        "MoveToPlayer.Environment.EpisodeLength.mean": {
            "value": 599.0,
            "min": 599.0,
            "max": 599.0,
            "count": 6
        },
        "MoveToPlayer.Environment.EpisodeLength.sum": {
            "value": 50316.0,
            "min": 43128.0,
            "max": 50316.0,
            "count": 6
        },
        "MoveToPlayer.Environment.CumulativeReward.mean": {
            "value": 13745.412433170137,
            "min": 6074.893675525983,
            "max": 13745.412433170137,
            "count": 6
        },
        "MoveToPlayer.Environment.CumulativeReward.sum": {
            "value": 1154614.6443862915,
            "min": 437392.3446378708,
            "max": 1154614.6443862915,
            "count": 6
        },
        "MoveToPlayer.Policy.ExtrinsicReward.mean": {
            "value": 13745.412433170137,
            "min": 6074.893675525983,
            "max": 13745.412433170137,
            "count": 6
        },
        "MoveToPlayer.Policy.ExtrinsicReward.sum": {
            "value": 1154614.6443862915,
            "min": 437392.3446378708,
            "max": 1154614.6443862915,
            "count": 6
        },
        "MoveToPlayer.Losses.PolicyLoss.mean": {
            "value": 0.03534377239760943,
            "min": 0.03306090464163572,
            "max": 0.03534377239760943,
            "count": 6
        },
        "MoveToPlayer.Losses.PolicyLoss.sum": {
            "value": 0.1413750895904377,
            "min": 0.13817796640796587,
            "max": 0.17440414428710938,
            "count": 6
        },
        "MoveToPlayer.Losses.ValueLoss.mean": {
            "value": 3254.7617150878905,
            "min": 3254.7617150878905,
            "max": 26886.536291015625,
            "count": 6
        },
        "MoveToPlayer.Losses.ValueLoss.sum": {
            "value": 13019.046860351562,
            "min": 13019.046860351562,
            "max": 134432.68145507813,
            "count": 6
        },
        "MoveToPlayer.Policy.LearningRate.mean": {
            "value": 0.00013473125508960002,
            "min": 0.00013473125508960002,
            "max": 0.0002845056051648,
            "count": 6
        },
        "MoveToPlayer.Policy.LearningRate.sum": {
            "value": 0.0005389250203584001,
            "min": 0.0005389250203584001,
            "max": 0.0012820416726528,
            "count": 6
        },
        "MoveToPlayer.Policy.Epsilon.mean": {
            "value": 0.14491040000000002,
            "min": 0.14491040000000002,
            "max": 0.1948352,
            "count": 6
        },
        "MoveToPlayer.Policy.Epsilon.sum": {
            "value": 0.5796416000000001,
            "min": 0.5796416000000001,
            "max": 0.9273472,
            "count": 6
        },
        "MoveToPlayer.Policy.Beta.mean": {
            "value": 0.00045461296000000014,
            "min": 0.00045461296000000014,
            "max": 0.0009488684800000001,
            "count": 6
        },
        "MoveToPlayer.Policy.Beta.sum": {
            "value": 0.0018184518400000006,
            "min": 0.0018184518400000006,
            "max": 0.0042807372799999995,
            "count": 6
        },
        "MoveToPlayer.IsTraining.mean": {
            "value": 1.0,
            "min": 1.0,
            "max": 1.0,
            "count": 6
        },
        "MoveToPlayer.IsTraining.sum": {
            "value": 1.0,
            "min": 1.0,
            "max": 1.0,
            "count": 6
        }
    },
    "metadata": {
        "timer_format_version": "0.1.0",
        "start_time_seconds": "1742278939",
        "python_version": "3.10.12 | packaged by Anaconda, Inc. | (main, Jul  5 2023, 19:01:18) [MSC v.1916 64 bit (AMD64)]",
        "command_line_arguments": "C:\\Users\\trist\\anaconda3\\envs\\mlagents\\Scripts\\mlagents-learn .\\config\\trainer_config.yaml --run-id MoveToPlayerTest2",
        "mlagents_version": "1.1.0",
        "mlagents_envs_version": "1.1.0",
        "communication_protocol_version": "1.5.0",
        "pytorch_version": "2.6.0+cu126",
        "numpy_version": "1.23.5",
        "end_time_seconds": "1742279378"
    },
    "total": 439.01794429999427,
    "count": 1,
    "self": 0.006993799994233996,
    "children": {
        "run_training.setup": {
            "total": 0.11242399999173358,
            "count": 1,
            "self": 0.11242399999173358
        },
        "TrainerController.start_learning": {
            "total": 438.8985265000083,
            "count": 1,
            "self": 0.4840801002283115,
            "children": {
                "TrainerController._reset_env": {
                    "total": 12.10998630002723,
                    "count": 1,
                    "self": 12.10998630002723
                },
                "TrainerController.advance": {
                    "total": 426.16004789975705,
                    "count": 25271,
                    "self": 0.4615060997894034,
                    "children": {
                        "env_step": {
                            "total": 301.17667899947264,
                            "count": 25271,
                            "self": 200.2875586975133,
                            "children": {
                                "SubprocessEnvManager._take_step": {
                                    "total": 100.598703899479,
                                    "count": 25271,
                                    "self": 1.4126006993756164,
                                    "children": {
                                        "TorchPolicy.evaluate": {
                                            "total": 99.18610320010339,
                                            "count": 25271,
                                            "self": 99.18610320010339
                                        }
                                    }
                                },
                                "workers": {
                                    "total": 0.2904164024803322,
                                    "count": 25270,
                                    "self": 0.0,
                                    "children": {
                                        "worker_root": {
                                            "total": 423.0795189029013,
                                            "count": 25270,
                                            "is_parallel": true,
                                            "self": 255.87374600188923,
                                            "children": {
                                                "steps_from_proto": {
                                                    "total": 0.0007337999995797873,
                                                    "count": 1,
                                                    "is_parallel": true,