{
    "name": "root",
    "metadata": {
        "timer_format_version": "0.1.0",
        "start_time_seconds": "1742195960",
        "python_version": "3.10.12 | packaged by Anaconda, Inc. | (main, Jul  5 2023, 19:01:18) [MSC v.1916 64 bit (AMD64)]",
        "command_line_arguments": "C:\\Users\\trist\\anaconda3\\envs\\mlagents\\Scripts\\mlagents-learn --run-id Test1 --resume",
        "mlagents_version": "1.1.0",
        "mlagents_envs_version": "1.1.0",
        "communication_protocol_version": "1.5.0",
        "pytorch_version": "2.6.0+cu126",
        "numpy_version": "1.23.5",
        "end_time_seconds": "1742196027"
    },
    "total": 66.90222699998412,
    "count": 1,
    "self": 0.0073552999820094556,
    "children": {
        "run_training.setup": {
            "total": 0.04587840000749566,
            "count": 1,
            "self": 0.04587840000749566
        },
        "TrainerController.start_learning": {
            "total": 66.84899329999462,
            "count": 1,
            "self": 0.0688284995558206,
            "children": {
                "TrainerController._reset_env": {
                    "total": 8.830566299991915,
                    "count": 1,
                    "self": 8.830566299991915
                },
                "TrainerController.advance": {
                    "total": 57.6901821004285,
                    "count": 3464,
                    "self": 0.06498379961703904,
                    "children": {
                        "env_step": {
                            "total": 48.17068840083084,
                            "count": 3464,
                            "self": 33.86676350334892,
                            "children": {
                                "SubprocessEnvManager._take_step": {
                                    "total": 14.263593299023341,
                                    "count": 3464,
                                    "self": 0.26535269964369945,
                                    "children": {
                                        "TorchPolicy.evaluate": {
                                            "total": 13.998240599379642,
                                            "count": 3451,
                                            "self": 13.998240599379642
                                        }
                                    }
                                },
                                "workers": {
                                    "total": 0.04033159845857881,
                                    "count": 3463,
                                    "self": 0.0,
                                    "children": {
                                        "worker_root": {
                                            "total": 55.313696400262415,
                                            "count": 3463,
                                            "is_parallel": true,
                                            "self": 29.580567299592076,
                                            "children": {
                                                "steps_from_proto": {
                                                    "total": 0.0006742000114172697,
                                                    "count": 1,
                                                    "is_parallel": true,
                                                    "self": 0.0002724000078160316,
                                                    "children": {
                                                        "_process_rank_one_or_two_observation": {
                                                            "total": 0.00040180000360123813,
                                                            "count": 4,
                                                            "is_parallel": true,
                                                            "self": 0.00040180000360123813
                                                        }
                                                    }
                                                },
                                                "UnityEnvironment.step": {
                                                    "total": 25.732454900658922,
                                                    "count": 3463,
                                                    "is_parallel": true,
                                                    "self": 0.45736040043993853,
                                                    "children": {
                                                        "UnityEnvironment._generate_step_input": {
                                                            "total": 0.5610192001622636,
                                                            "count": 3463,
                                                            "is_parallel": true,
                                                            "self": 0.5610192001622636
                                                        },
                                                        "communicator.exchange": {
                                                            "total": 23.357918900146615,
                                                            "count": 3463,
                                                            "is_parallel": true,
                                                            "self": 23.357918900146615
                                                        },
                                                        "steps_from_proto": {
                                                            "total": 1.3561563999101054,
                                                            "count": 3463,
                                                            "is_parallel": true,
                                                            "self": 0.5735141013283283,
                                                            "children": {
                                                                "_process_rank_one_or_two_observation": {
                                                                    "total": 0.7826422985817771,
                                                                    "count": 13852,
                                                                    "is_parallel": true,
                                                                    "self": 0.7826422985817771
                                                                }
                                                            }
                                                        }
                                                    }
                                                }
                                            }
                                        }
                                    }
                                }
                            }
                        },
                        "trainer_advance": {
                            "total": 9.454509899980621,
                            "count": 3463,
                            "self": 0.08309140094206668,
                            "children": {
                                "process_trajectory": {
                                    "total": 3.16937159904046,
                                    "count": 3463,
                                    "self": 3.16937159904046
                                },
                                "_update_policy": {
                                    "total": 6.202046899998095,
                                    "count": 3,
                                    "self": 3.8692196000774857,
                                    "children": {
                                        "TorchPPOOptimizer.update": {
                                            "total": 2.332827299920609,
                                            "count": 90,