{
    "name": "root",
    "gauges": {
        "MoveToPlayer.Policy.Entropy.mean": {
            "value": 1.0617812871932983,
            "min": 1.0617812871932983,
            "max": 1.8861995935440063,
            "count": 6
        },
        "MoveToPlayer.Policy.Entropy.sum": {
            "value": 53080.5703125,
            "min": 53080.5703125,
            "max": 95109.7265625,
            "count": 6
        },
        "MoveToPlayer.Environment.EpisodeLength.mean": {
            "value": 803.0,
            "min": 175.76156583629893,
            "max": 803.0,
            "count": 6
        },
        "MoveToPlayer.Environment.EpisodeLength.sum": {
            "value": 48983.0,
            "min": 46407.0,
            "max": 51012.0,
            "count": 6
        },
        "MoveToPlayer.Step.mean": {
            "value": 299937.0,
            "min": 49964.0,
            "max": 299937.0,
            "count": 6
        },
        "MoveToPlayer.Step.sum": {
            "value": 299937.0,
            "min": 49964.0,
            "max": 299937.0,
            "count": 6
        },
        "MoveToPlayer.Policy.ExtrinsicValueEstimate.mean": {
            "value": 9.660175323486328,
            "min": -2.338165283203125,
            "max": 9.660175323486328,
            "count": 6
        },
        "MoveToPlayer.Policy.ExtrinsicValueEstimate.sum": {
            "value": 7776.44091796875,
            "min": -2071.614501953125,
            "max": 7776.44091796875,
            "count": 6
        },
        "MoveToPlayer.Environment.CumulativeReward.mean": {
            "value": 94.23114471748227,
            "min": 10.02108239224768,
            "max": 94.23114471748227,
            "count": 6
        },
        "MoveToPlayer.Environment.CumulativeReward.sum": {
            "value": 5748.0998277664185,
            "min": 2224.6802910789847,
            "max": 5748.0998277664185,
            "count": 6
        },
        "MoveToPlayer.Policy.ExtrinsicReward.mean": {
            "value": 94.23114471748227,
            "min": 10.02108239224768,
            "max": 94.23114471748227,
            "count": 6
        },
        "MoveToPlayer.Policy.ExtrinsicReward.sum": {
            "value": 5748.0998277664185,
            "min": 2224.6802910789847,
            "max": 5748.0998277664185,
            "count": 6
        },
        "MoveToPlayer.Losses.PolicyLoss.mean": {
            "value": 0.02279179033978532,
            "min": 0.022622318742796778,
            "max": 0.02520770660756777,
            "count": 6
        },
        "MoveToPlayer.Losses.PolicyLoss.sum": {
            "value": 0.1139589516989266,
            "min": 0.09326994341487685,
            "max": 0.12603853303783885,
            "count": 6
        },
        "MoveToPlayer.Losses.ValueLoss.mean": {
            "value": 0.567277069290479,
            "min": 0.567277069290479,
            "max": 2.7218685939908025,
            "count": 6
        },
        "MoveToPlayer.Losses.ValueLoss.sum": {
            "value": 2.836385346452395,
            "min": 2.836385346452395,
            "max": 10.88747437596321,
            "count": 6
        },
        "MoveToPlayer.Policy.LearningRate.mean": {
            "value": 0.0001334646555118,
            "min": 0.0001334646555118,
            "max": 0.00028461465512844995,
            "count": 6
        },
        "MoveToPlayer.Policy.LearningRate.sum": {
            "value": 0.000667323277559,
            "min": 0.000667323277559,
            "max": 0.0012843564718811996,
            "count": 6
        },
        "MoveToPlayer.Policy.Epsilon.mean": {
            "value": 0.1444882,
            "min": 0.1444882,
            "max": 0.19487154999999995,
            "count": 6
        },
        "MoveToPlayer.Policy.Epsilon.sum": {
            "value": 0.7224410000000001,
            "min": 0.7224410000000001,
            "max": 0.9281188,
            "count": 6
        },
        "MoveToPlayer.Policy.Beta.mean": {
            "value": 0.0022299611800000005,
            "min": 0.0022299611800000005,
            "max": 0.004744090344999999,
            "count": 6
        },
        "MoveToPlayer.Policy.Beta.sum": {
            "value": 0.011149805900000002,
            "min": 0.011149805900000002,
            "max": 0.02141312812,
            "count": 6
        },
        "MoveToPlayer.IsTraining.mean": {
            "value": 1.0,
            "min": 1.0,
            "max": 1.0,
            "count": 6
        },
        "MoveToPlayer.IsTraining.sum": {
            "value": 1.0,
            "min": 1.0,
            "max": 1.0,
            "count": 6
        }
    },
    "metadata": {
        "timer_format_version": "0.1.0",
        "start_time_seconds": "1742198495",
        "python_version": "3.10.12 | packaged by Anaconda, Inc. | (main, Jul  5 2023, 19:01:18) [MSC v.1916 64 bit (AMD64)]",
        "command_line_arguments": "C:\\Users\\trist\\anaconda3\\envs\\mlagents\\Scripts\\mlagents-learn --run-id Test10",
        "mlagents_version": "1.1.0",
        "mlagents_envs_version": "1.1.0",
        "communication_protocol_version": "1.5.0",
        "pytorch_version": "2.6.0+cu126",
        "numpy_version": "1.23.5",
        "end_time_seconds": "1742199006"
    },
    "total": 511.66300990001764,
    "count": 1,
    "self": 0.0063924000423867255,
    "children": {
        "run_training.setup": {
            "total": 0.033295299974270165,
            "count": 1,
            "self": 0.033295299974270165
        },
        "TrainerController.start_learning": {
            "total": 511.623322200001,
            "count": 1,
            "self": 0.6104765977943316,
            "children": {
                "TrainerController._reset_env": {
                    "total": 8.999015000008512,
                    "count": 1,
                    "self": 8.999015000008512
                },
                "TrainerController.advance": {
                    "total": 501.8359475022007,
                    "count": 29921,
                    "self": 0.5815317063243128,
                    "children": {
                        "env_step": {
                            "total": 401.3336465986795,
                            "count": 29921,
                            "self": 278.64171500032535,
                            "children": {
                                "SubprocessEnvManager._take_step": {
                                    "total": 122.32622619910398,
                                    "count": 29921,
                                    "self": 2.3787962970673107,
                                    "children": {
                                        "TorchPolicy.evaluate": {
                                            "total": 119.94742990203667,
                                            "count": 29154,
                                            "self": 119.94742990203667
                                        }
                                    }
                                },
                                "workers": {
                                    "total": 0.365705399250146,
                                    "count": 29920,
                                    "self": 0.0,
                                    "children": {
                                        "worker_root": {
                                            "total": 440.5090259988501,
                                            "count": 29920,
                                            "is_parallel": true,
                                            "self": 259.49709829920903,
                                            "children": {
                                                "steps_from_proto": {
                                                    "total": 0.00047500000800937414,
                                                    "count": 1,
                                                    "is_parallel": true,