{
    "name": "root",
    "metadata": {
        "timer_format_version": "0.1.0",
        "start_time_seconds": "1742537676",
        "python_version": "3.10.12 | packaged by Anaconda, Inc. | (main, Jul  5 2023, 19:01:18) [MSC v.1916 64 bit (AMD64)]",
        "command_line_arguments": "C:\\Users\\trist\\anaconda3\\envs\\mlagents\\Scripts\\mlagents-learn .\\config\\trainingConfig.yaml --run-id ExploreAgents_04 --initialize-from ExploreAgents_03",
        "mlagents_version": "1.1.0",
        "mlagents_envs_version": "1.1.0",
        "communication_protocol_version": "1.5.0",
        "pytorch_version": "2.6.0+cu126",
        "numpy_version": "1.23.5",
        "end_time_seconds": "1742537770"
    },
    "total": 94.13267620000988,
    "count": 1,
    "self": 0.05919330002507195,
    "children": {
        "run_training.setup": {
            "total": 0.11670050001703203,
            "count": 1,
            "self": 0.11670050001703203
        },
        "TrainerController.start_learning": {
            "total": 93.95678239996778,
            "count": 1,
            "self": 0.028601099911611527,
            "children": {
                "TrainerController._reset_env": {
                    "total": 9.195755900000222,
                    "count": 1,
                    "self": 9.195755900000222
                },
                "TrainerController.advance": {
                    "total": 84.43298440007493,
                    "count": 1456,
                    "self": 0.026886797859333456,
                    "children": {
                        "env_step": {
                            "total": 82.71561520121759,
                            "count": 1456,
                            "self": 75.37554420367815,
                            "children": {
                                "SubprocessEnvManager._take_step": {
                                    "total": 7.323171398544218,
                                    "count": 1456,
                                    "self": 0.07991829823004082,
                                    "children": {
                                        "TorchPolicy.evaluate": {
                                            "total": 7.243253100314178,
                                            "count": 1454,
                                            "self": 7.243253100314178
                                        }
                                    }
                                },
                                "workers": {
                                    "total": 0.01689959899522364,
                                    "count": 1455,
                                    "self": 0.0,
                                    "children": {
                                        "worker_root": {
                                            "total": 22.71814940025797,
                                            "count": 1455,
                                            "is_parallel": true,
                                            "self": 12.31800540117547,
                                            "children": {
                                                "steps_from_proto": {
                                                    "total": 0.000597700010985136,
                                                    "count": 1,
                                                    "is_parallel": true,
                                                    "self": 0.00021890003699809313,
                                                    "children": {
                                                        "_process_rank_one_or_two_observation": {
                                                            "total": 0.0003787999739870429,
                                                            "count": 4,
                                                            "is_parallel": true,
                                                            "self": 0.0003787999739870429
                                                        }
                                                    }
                                                },
                                                "UnityEnvironment.step": {
                                                    "total": 10.399546299071517,
                                                    "count": 1455,
                                                    "is_parallel": true,
                                                    "self": 0.16904989769682288,
                                                    "children": {
                                                        "UnityEnvironment._generate_step_input": {
                                                            "total": 0.20070110069354996,
                                                            "count": 1455,
                                                            "is_parallel": true,
                                                            "self": 0.20070110069354996
                                                        },
                                                        "communicator.exchange": {
                                                            "total": 9.509868001274299,
                                                            "count": 1455,
                                                            "is_parallel": true,
                                                            "self": 9.509868001274299
                                                        },
                                                        "steps_from_proto": {
                                                            "total": 0.5199272994068451,
                                                            "count": 1455,
                                                            "is_parallel": true,
                                                            "self": 0.2277510996791534,
                                                            "children": {
                                                                "_process_rank_one_or_two_observation": {
                                                                    "total": 0.2921761997276917,
                                                                    "count": 5820,
                                                                    "is_parallel": true,
                                                                    "self": 0.2921761997276917
                                                                }
                                                            }
                                                        }
                                                    }
                                                }
                                            }
                                        }
                                    }
                                }
                            }
                        },
                        "trainer_advance": {
                            "total": 1.6904824009980075,
                            "count": 1455,
                            "self": 0.03400900133419782,
                            "children": {
                                "process_trajectory": {
                                    "total": 1.6564733996638097,
                                    "count": 1455,
                                    "self": 1.6564733996638097
                                }
                            }
                        }
                    }
                },
                "TrainerController._save_models": {
                    "total": 0.2994409999810159,
                    "count": 1,
                    "self": 0.012547199963591993,
                    "children": {
                        "RLTrainer._checkpoint": {
                            "total": 0.28689380001742393,
                            "count": 1,